USE [kajarta]
GO
SET IDENTITY_INSERT [dbo].[customer] ON 
GO
INSERT [dbo].[customer] ([id], [account_type], [account], [password], [name], [tel], [phone], [email], [create_time], [update_time], [picture], [sex], [city], [remarks], [address], [id_number]) VALUES (1, 1, N'customer01', N'20240813', N'張惠妹', NULL, N'0958485269', N'customer01@gmail.com', CAST(N'2024-08-02T14:52:46.237' AS DateTime), CAST(N'2024-08-02T15:08:56.583' AS DateTime), NULL, N'F', 1, NULL, N'內湖區成功路一段207巷12弄2號5樓', N'F228414402')
GO
INSERT [dbo].[customer] ([id], [account_type], [account], [password], [name], [tel], [phone], [email], [create_time], [update_time], [picture], [sex], [city], [remarks], [address], [id_number]) VALUES (2, 1, N'customer02', N'20240813', N'蔡依玲', NULL, N'0956491269', N'customer02@gmail.com', CAST(N'2024-08-02T14:54:59.993' AS DateTime), CAST(N'2024-08-02T14:54:59.993' AS DateTime), NULL, N'F', 5, NULL, N'永華路二段6號7樓', N'E229514405')
GO
INSERT [dbo].[customer] ([id], [account_type], [account], [password], [name], [tel], [phone], [email], [create_time], [update_time], [picture], [sex], [city], [remarks], [address], [id_number]) VALUES (3, 1, N'customer03', N'20240813', N'趙詠華', NULL, N'0928025489', N'customer03@gmail.com', CAST(N'2024-08-02T14:56:52.347' AS DateTime), CAST(N'2024-08-02T14:56:52.347' AS DateTime), NULL, N'F', 16, NULL, N'屏東市自由路527號', N'Z229518504')
GO
INSERT [dbo].[customer] ([id], [account_type], [account], [password], [name], [tel], [phone], [email], [create_time], [update_time], [picture], [sex], [city], [remarks], [address], [id_number]) VALUES (4, 1, N'customer04', N'20240813', N'王陽明', NULL, N'0948586251', N'customer04@gmail.com', CAST(N'2024-08-02T14:58:57.917' AS DateTime), CAST(N'2024-08-02T14:58:57.917' AS DateTime), NULL, N'M', 9, NULL, N'北區中正路146號', N'E129618558')
GO
INSERT [dbo].[customer] ([id], [account_type], [account], [password], [name], [tel], [phone], [email], [create_time], [update_time], [picture], [sex], [city], [remarks], [address], [id_number]) VALUES (5, 1, N'customer05', N'20240813', N'周添城', NULL, N'0985245698', N'customer05@gamil.com', CAST(N'2024-08-02T15:01:47.063' AS DateTime), CAST(N'2024-08-02T15:01:47.063' AS DateTime), NULL, N'M', 4, NULL, N'西屯區臺灣大道三段99號', N'C255496601')
GO
INSERT [dbo].[customer] ([id], [account_type], [account], [password], [name], [tel], [phone], [email], [create_time], [update_time], [picture], [sex], [city], [remarks], [address], [id_number]) VALUES (6, 1, N'customer06', N'20240813', N'陳文珍', NULL, N'0979584258', N'customer06@gamil.com', CAST(N'2024-08-02T15:03:13.683' AS DateTime), CAST(N'2024-08-02T15:03:13.683' AS DateTime), NULL, N'F', 10, NULL, N'東區林森東路282號', N'T224558813')
GO
INSERT [dbo].[customer] ([id], [account_type], [account], [password], [name], [tel], [phone], [email], [create_time], [update_time], [picture], [sex], [city], [remarks], [address], [id_number]) VALUES (7, 2, N'customer07', N'20240813', N'戴美玲', NULL, N'0958235456', N'customer07@gmail.com', CAST(N'2024-08-02T15:05:08.250' AS DateTime), CAST(N'2024-08-02T15:05:08.250' AS DateTime), NULL, N'F', 12, NULL, N'苗栗市縣府路100號', N'U295482207')
GO
INSERT [dbo].[customer] ([id], [account_type], [account], [password], [name], [tel], [phone], [email], [create_time], [update_time], [picture], [sex], [city], [remarks], [address], [id_number]) VALUES (8, 2, N'customer08', N'20240813', N'李嘉誠', NULL, N'0958425325', N'customer08@gmail.com', CAST(N'2024-08-02T15:06:53.620' AS DateTime), CAST(N'2024-08-02T15:06:53.620' AS DateTime), NULL, N'M', 14, NULL, N'南投市中興路660號', N'S158496823')
GO
INSERT [dbo].[customer] ([id], [account_type], [account], [password], [name], [tel], [phone], [email], [create_time], [update_time], [picture], [sex], [city], [remarks], [address], [id_number]) VALUES (9, 2, N'customer09', N'20240813', N'王楚原', NULL, N'0978548364', N'customer09@gmail.com', CAST(N'2024-08-02T15:08:34.423' AS DateTime), CAST(N'2024-08-02T15:08:34.423' AS DateTime), NULL, N'M', 2, NULL, N'淡水區中山北路1段207巷42號', N'E185403369')
GO
INSERT [dbo].[customer] ([id], [account_type], [account], [password], [name], [tel], [phone], [email], [create_time], [update_time], [picture], [sex], [city], [remarks], [address], [id_number]) VALUES (10, 2, N'customer10', N'20240813', N'楊淑美', NULL, N'0958635963', N'customer10@gmail.com', CAST(N'2024-08-02T15:10:34.910' AS DateTime), CAST(N'2024-08-02T15:10:34.910' AS DateTime), NULL, N'F', 3, NULL, N'桃園區縣府路55號', N'L258964583')
GO
INSERT [dbo].[customer] ([id], [account_type], [account], [password], [name], [tel], [phone], [email], [create_time], [update_time], [picture], [sex], [city], [remarks], [address], [id_number]) VALUES (11, 2, N'customer11', N'20240813', N'許庭愷', NULL, N'0958634528', N'customer11@gmail.com', CAST(N'2024-08-02T15:12:23.337' AS DateTime), CAST(N'2024-08-02T15:12:23.337' AS DateTime), NULL, N'M', 17, NULL, N'宜蘭市女中路二段287號', N'D154325963')
GO
INSERT [dbo].[customer] ([id], [account_type], [account], [password], [name], [tel], [phone], [email], [create_time], [update_time], [picture], [sex], [city], [remarks], [address], [id_number]) VALUES (12, 2, N'customer12', N'20240813', N'吳相容', NULL, N'0958632014', N'customer12@gmail.com', CAST(N'2024-08-02T15:14:20.397' AS DateTime), CAST(N'2024-08-02T15:14:20.397' AS DateTime), NULL, N'F', 7, NULL, N'中正區義一路1 號', N'R228459931')
GO
SET IDENTITY_INSERT [dbo].[customer] OFF
GO
SET IDENTITY_INSERT [dbo].[employee] ON 
GO
INSERT [dbo].[employee] ([id], [account_type], [account], [password], [name], [tel], [phone], [email], [create_time], [update_time], [picture], [sex], [start_date], [sick_leave_hours], [personal_leave_hours], [annual_leave_hours], [bereavement_leave_hours], [marriage_leave_hours], [menstrual_leave_hours], [official_leave_hours], [team_leader_id], [branch], [end_date]) VALUES (1, 4, N'Nick', N'20240813', N'Nick', NULL, N'0916469518', N'Nick@gmail.com', CAST(N'2024-08-02T13:14:04.370' AS DateTime), CAST(N'2024-08-02T13:14:04.370' AS DateTime), NULL, N'M', CAST(N'2023-01-01' AS Date), NULL, NULL, NULL, NULL, NULL, NULL, NULL, 1, 1, NULL)
GO
INSERT [dbo].[employee] ([id], [account_type], [account], [password], [name], [tel], [phone], [email], [create_time], [update_time], [picture], [sex], [start_date], [sick_leave_hours], [personal_leave_hours], [annual_leave_hours], [bereavement_leave_hours], [marriage_leave_hours], [menstrual_leave_hours], [official_leave_hours], [team_leader_id], [branch], [end_date]) VALUES (2, 4, N'Sasha', N'20240813', N'Sasha', NULL, N'0928278913', N'Sasha@gmail.com', CAST(N'2024-08-02T13:17:03.663' AS DateTime), CAST(N'2024-08-02T14:24:17.090' AS DateTime), NULL, N'F', CAST(N'2024-03-31' AS Date), 240, 112, NULL, NULL, 64, NULL, NULL, 1, 1, NULL)
GO
INSERT [dbo].[employee] ([id], [account_type], [account], [password], [name], [tel], [phone], [email], [create_time], [update_time], [picture], [sex], [start_date], [sick_leave_hours], [personal_leave_hours], [annual_leave_hours], [bereavement_leave_hours], [marriage_leave_hours], [menstrual_leave_hours], [official_leave_hours], [team_leader_id], [branch], [end_date]) VALUES (3, 4, N'Vic', N'20240813', N'Vic', NULL, N'0925690213', N'Vic@gmail.com', CAST(N'2024-08-02T13:20:46.177' AS DateTime), CAST(N'2024-08-02T13:20:46.190' AS DateTime), NULL, N'M', CAST(N'2024-04-30' AS Date), 240, 112, NULL, NULL, NULL, NULL, NULL, 1, 2, NULL)
GO
INSERT [dbo].[employee] ([id], [account_type], [account], [password], [name], [tel], [phone], [email], [create_time], [update_time], [picture], [sex], [start_date], [sick_leave_hours], [personal_leave_hours], [annual_leave_hours], [bereavement_leave_hours], [marriage_leave_hours], [menstrual_leave_hours], [official_leave_hours], [team_leader_id], [branch], [end_date]) VALUES (4, 4, N'Enzo', N'20240813', N'Enzo', NULL, N'0989564852', N'Enzo@gmail.com', CAST(N'2024-08-02T13:31:03.900' AS DateTime), CAST(N'2024-08-02T13:31:03.953' AS DateTime), NULL, N'M', CAST(N'2024-02-29' AS Date), 240, 112, NULL, NULL, NULL, NULL, NULL, 1, 3, NULL)
GO
INSERT [dbo].[employee] ([id], [account_type], [account], [password], [name], [tel], [phone], [email], [create_time], [update_time], [picture], [sex], [start_date], [sick_leave_hours], [personal_leave_hours], [annual_leave_hours], [bereavement_leave_hours], [marriage_leave_hours], [menstrual_leave_hours], [official_leave_hours], [team_leader_id], [branch], [end_date]) VALUES (5, 3, N'Stanley', N'20240813', N'Stanley', NULL, N'0946582159', N'Stanley@gmail.com', CAST(N'2024-08-02T13:32:26.780' AS DateTime), CAST(N'2024-08-02T13:32:26.787' AS DateTime), NULL, N'M', CAST(N'2024-06-30' AS Date), 240, 112, NULL, NULL, NULL, NULL, NULL, 2, 1, NULL)
GO
INSERT [dbo].[employee] ([id], [account_type], [account], [password], [name], [tel], [phone], [email], [create_time], [update_time], [picture], [sex], [start_date], [sick_leave_hours], [personal_leave_hours], [annual_leave_hours], [bereavement_leave_hours], [marriage_leave_hours], [menstrual_leave_hours], [official_leave_hours], [team_leader_id], [branch], [end_date]) VALUES (6, 3, N'Coco', N'20240813', N'Coco', NULL, N'0968759365', N'Coco@gmail.com', CAST(N'2024-08-02T13:33:35.760' AS DateTime), CAST(N'2024-08-02T13:33:35.770' AS DateTime), NULL, N'F', CAST(N'2024-06-30' AS Date), 240, 112, NULL, NULL, NULL, NULL, NULL, 2, 1, NULL)
GO
INSERT [dbo].[employee] ([id], [account_type], [account], [password], [name], [tel], [phone], [email], [create_time], [update_time], [picture], [sex], [start_date], [sick_leave_hours], [personal_leave_hours], [annual_leave_hours], [bereavement_leave_hours], [marriage_leave_hours], [menstrual_leave_hours], [official_leave_hours], [team_leader_id], [branch], [end_date]) VALUES (7, 3, N'Elva', N'20240813', N'Elva', NULL, N'0958478521', N'Elva@gmail.com', CAST(N'2024-08-02T13:34:30.617' AS DateTime), CAST(N'2024-08-02T13:34:30.627' AS DateTime), NULL, N'M', CAST(N'2024-06-30' AS Date), 240, 112, NULL, NULL, NULL, NULL, NULL, 2, 1, NULL)
GO
INSERT [dbo].[employee] ([id], [account_type], [account], [password], [name], [tel], [phone], [email], [create_time], [update_time], [picture], [sex], [start_date], [sick_leave_hours], [personal_leave_hours], [annual_leave_hours], [bereavement_leave_hours], [marriage_leave_hours], [menstrual_leave_hours], [official_leave_hours], [team_leader_id], [branch], [end_date]) VALUES (8, 3, N'Peter', N'20240813', N'Peter', NULL, N'0987254159', N'Peter@gmail.com', CAST(N'2024-08-02T13:35:54.447' AS DateTime), CAST(N'2024-08-02T13:35:54.457' AS DateTime), NULL, N'M', CAST(N'2024-06-03' AS Date), 240, 112, NULL, NULL, NULL, NULL, NULL, 3, 2, NULL)
GO
INSERT [dbo].[employee] ([id], [account_type], [account], [password], [name], [tel], [phone], [email], [create_time], [update_time], [picture], [sex], [start_date], [sick_leave_hours], [personal_leave_hours], [annual_leave_hours], [bereavement_leave_hours], [marriage_leave_hours], [menstrual_leave_hours], [official_leave_hours], [team_leader_id], [branch], [end_date]) VALUES (9, 3, N'Austin', N'20240813', N'Austin', NULL, N'0935824652', N'Austin@gmail.com', CAST(N'2024-08-02T13:36:54.760' AS DateTime), CAST(N'2024-08-02T13:36:54.767' AS DateTime), NULL, N'M', CAST(N'2024-06-26' AS Date), 240, 112, NULL, NULL, NULL, NULL, NULL, 3, 2, NULL)
GO
INSERT [dbo].[employee] ([id], [account_type], [account], [password], [name], [tel], [phone], [email], [create_time], [update_time], [picture], [sex], [start_date], [sick_leave_hours], [personal_leave_hours], [annual_leave_hours], [bereavement_leave_hours], [marriage_leave_hours], [menstrual_leave_hours], [official_leave_hours], [team_leader_id], [branch], [end_date]) VALUES (10, 3, N'Alex', N'20240813', N'Alex', NULL, N'0968527482', N'Alex@gmail.com', CAST(N'2024-08-02T13:37:35.347' AS DateTime), CAST(N'2024-08-02T13:37:35.353' AS DateTime), NULL, N'M', CAST(N'2024-07-02' AS Date), 240, 112, NULL, NULL, NULL, NULL, NULL, 3, 2, NULL)
GO
INSERT [dbo].[employee] ([id], [account_type], [account], [password], [name], [tel], [phone], [email], [create_time], [update_time], [picture], [sex], [start_date], [sick_leave_hours], [personal_leave_hours], [annual_leave_hours], [bereavement_leave_hours], [marriage_leave_hours], [menstrual_leave_hours], [official_leave_hours], [team_leader_id], [branch], [end_date]) VALUES (11, 3, N'Mumu', N'20240813', N'Mumu', NULL, N'0958245458', N'Mumu@gmail.com', CAST(N'2024-08-02T13:48:12.843' AS DateTime), CAST(N'2024-08-02T14:10:02.147' AS DateTime), NULL, N'M', CAST(N'2024-05-31' AS Date), 240, 112, NULL, NULL, NULL, 8, NULL, 4, 3, NULL)
GO
INSERT [dbo].[employee] ([id], [account_type], [account], [password], [name], [tel], [phone], [email], [create_time], [update_time], [picture], [sex], [start_date], [sick_leave_hours], [personal_leave_hours], [annual_leave_hours], [bereavement_leave_hours], [marriage_leave_hours], [menstrual_leave_hours], [official_leave_hours], [team_leader_id], [branch], [end_date]) VALUES (12, 3, N'Chloe', N'20240813', N'Chloe', NULL, N'0958426952', N'Chloe@gmail.com', CAST(N'2024-08-02T13:50:47.853' AS DateTime), CAST(N'2024-08-02T13:57:41.897' AS DateTime), NULL, N'F', CAST(N'2024-07-03' AS Date), 240, 112, NULL, NULL, NULL, NULL, NULL, 4, 3, NULL)
GO
INSERT [dbo].[employee] ([id], [account_type], [account], [password], [name], [tel], [phone], [email], [create_time], [update_time], [picture], [sex], [start_date], [sick_leave_hours], [personal_leave_hours], [annual_leave_hours], [bereavement_leave_hours], [marriage_leave_hours], [menstrual_leave_hours], [official_leave_hours], [team_leader_id], [branch], [end_date]) VALUES (13, 3, N'Elsa', N'20240813', N'Elsa', NULL, N'0916469852', N'Elsa@gmail.com', CAST(N'2024-08-02T14:00:16.800' AS DateTime), CAST(N'2024-08-02T14:00:16.853' AS DateTime), NULL, N'M', CAST(N'2024-07-02' AS Date), 240, 112, NULL, NULL, NULL, NULL, NULL, 4, 3, NULL)
GO
SET IDENTITY_INSERT [dbo].[employee] OFF
GO
SET IDENTITY_INSERT [dbo].[leave] ON 
GO
INSERT [dbo].[leave] ([id], [leave_status], [start_time], [end_time], [leave_type], [employee_id], [deputy_id], [team_leader_id], [permision_remarks], [permision_status], [audit_time], [reason], [actual_leave_hours], [image], [special_leave_hours], [create_time], [update_time], [validity_period_start], [validity_period_end]) VALUES (1, 1, NULL, NULL, 6, 2, NULL, 1, N'入職給假', 2, NULL, N'入職給假', 240, NULL, NULL, CAST(N'2024-08-02T13:17:03.740' AS DateTime), CAST(N'2024-08-02T13:17:03.740' AS DateTime), CAST(N'2024-01-01T00:00:00.000' AS DateTime), CAST(N'2024-12-31T23:59:59.900' AS DateTime))
GO
INSERT [dbo].[leave] ([id], [leave_status], [start_time], [end_time], [leave_type], [employee_id], [deputy_id], [team_leader_id], [permision_remarks], [permision_status], [audit_time], [reason], [actual_leave_hours], [image], [special_leave_hours], [create_time], [update_time], [validity_period_start], [validity_period_end]) VALUES (2, 1, NULL, NULL, 5, 2, NULL, 1, N'入職給假', 2, NULL, N'入職給假', 112, NULL, NULL, CAST(N'2024-08-02T13:17:03.750' AS DateTime), CAST(N'2024-08-02T13:17:03.750' AS DateTime), CAST(N'2024-01-01T00:00:00.000' AS DateTime), CAST(N'2024-12-31T23:59:59.900' AS DateTime))
GO
INSERT [dbo].[leave] ([id], [leave_status], [start_time], [end_time], [leave_type], [employee_id], [deputy_id], [team_leader_id], [permision_remarks], [permision_status], [audit_time], [reason], [actual_leave_hours], [image], [special_leave_hours], [create_time], [update_time], [validity_period_start], [validity_period_end]) VALUES (3, 1, NULL, NULL, 6, 3, NULL, 1, N'入職給假', 2, NULL, N'入職給假', 240, NULL, NULL, CAST(N'2024-08-02T13:20:46.183' AS DateTime), CAST(N'2024-08-02T13:20:46.183' AS DateTime), CAST(N'2024-01-01T00:00:00.000' AS DateTime), CAST(N'2024-12-31T23:59:59.900' AS DateTime))
GO
INSERT [dbo].[leave] ([id], [leave_status], [start_time], [end_time], [leave_type], [employee_id], [deputy_id], [team_leader_id], [permision_remarks], [permision_status], [audit_time], [reason], [actual_leave_hours], [image], [special_leave_hours], [create_time], [update_time], [validity_period_start], [validity_period_end]) VALUES (4, 1, NULL, NULL, 5, 3, NULL, 1, N'入職給假', 2, NULL, N'入職給假', 112, NULL, NULL, CAST(N'2024-08-02T13:20:46.187' AS DateTime), CAST(N'2024-08-02T13:20:46.187' AS DateTime), CAST(N'2024-01-01T00:00:00.000' AS DateTime), CAST(N'2024-12-31T23:59:59.900' AS DateTime))
GO
INSERT [dbo].[leave] ([id], [leave_status], [start_time], [end_time], [leave_type], [employee_id], [deputy_id], [team_leader_id], [permision_remarks], [permision_status], [audit_time], [reason], [actual_leave_hours], [image], [special_leave_hours], [create_time], [update_time], [validity_period_start], [validity_period_end]) VALUES (5, 1, NULL, NULL, 6, 4, NULL, 1, N'入職給假', 2, NULL, N'入職給假', 240, NULL, NULL, CAST(N'2024-08-02T13:31:03.937' AS DateTime), CAST(N'2024-08-02T13:31:03.937' AS DateTime), CAST(N'2024-01-01T00:00:00.000' AS DateTime), CAST(N'2024-12-31T23:59:59.900' AS DateTime))
GO
INSERT [dbo].[leave] ([id], [leave_status], [start_time], [end_time], [leave_type], [employee_id], [deputy_id], [team_leader_id], [permision_remarks], [permision_status], [audit_time], [reason], [actual_leave_hours], [image], [special_leave_hours], [create_time], [update_time], [validity_period_start], [validity_period_end]) VALUES (6, 1, NULL, NULL, 5, 4, NULL, 1, N'入職給假', 2, NULL, N'入職給假', 112, NULL, NULL, CAST(N'2024-08-02T13:31:03.947' AS DateTime), CAST(N'2024-08-02T13:31:03.947' AS DateTime), CAST(N'2024-01-01T00:00:00.000' AS DateTime), CAST(N'2024-12-31T23:59:59.900' AS DateTime))
GO
INSERT [dbo].[leave] ([id], [leave_status], [start_time], [end_time], [leave_type], [employee_id], [deputy_id], [team_leader_id], [permision_remarks], [permision_status], [audit_time], [reason], [actual_leave_hours], [image], [special_leave_hours], [create_time], [update_time], [validity_period_start], [validity_period_end]) VALUES (7, 1, NULL, NULL, 6, 5, NULL, 2, N'入職給假', 2, NULL, N'入職給假', 240, NULL, NULL, CAST(N'2024-08-02T13:32:26.783' AS DateTime), CAST(N'2024-08-02T13:32:26.783' AS DateTime), CAST(N'2024-01-01T00:00:00.000' AS DateTime), CAST(N'2024-12-31T23:59:59.900' AS DateTime))
GO
INSERT [dbo].[leave] ([id], [leave_status], [start_time], [end_time], [leave_type], [employee_id], [deputy_id], [team_leader_id], [permision_remarks], [permision_status], [audit_time], [reason], [actual_leave_hours], [image], [special_leave_hours], [create_time], [update_time], [validity_period_start], [validity_period_end]) VALUES (8, 1, NULL, NULL, 5, 5, NULL, 2, N'入職給假', 2, NULL, N'入職給假', 112, NULL, NULL, CAST(N'2024-08-02T13:32:26.787' AS DateTime), CAST(N'2024-08-02T13:32:26.787' AS DateTime), CAST(N'2024-01-01T00:00:00.000' AS DateTime), CAST(N'2024-12-31T23:59:59.900' AS DateTime))
GO
INSERT [dbo].[leave] ([id], [leave_status], [start_time], [end_time], [leave_type], [employee_id], [deputy_id], [team_leader_id], [permision_remarks], [permision_status], [audit_time], [reason], [actual_leave_hours], [image], [special_leave_hours], [create_time], [update_time], [validity_period_start], [validity_period_end]) VALUES (9, 1, NULL, NULL, 6, 6, NULL, 2, N'入職給假', 2, NULL, N'入職給假', 240, NULL, NULL, CAST(N'2024-08-02T13:33:35.767' AS DateTime), CAST(N'2024-08-02T13:33:35.767' AS DateTime), CAST(N'2024-01-01T00:00:00.000' AS DateTime), CAST(N'2024-12-31T23:59:59.900' AS DateTime))
GO
INSERT [dbo].[leave] ([id], [leave_status], [start_time], [end_time], [leave_type], [employee_id], [deputy_id], [team_leader_id], [permision_remarks], [permision_status], [audit_time], [reason], [actual_leave_hours], [image], [special_leave_hours], [create_time], [update_time], [validity_period_start], [validity_period_end]) VALUES (10, 1, NULL, NULL, 5, 6, NULL, 2, N'入職給假', 2, NULL, N'入職給假', 112, NULL, NULL, CAST(N'2024-08-02T13:33:35.767' AS DateTime), CAST(N'2024-08-02T13:33:35.767' AS DateTime), CAST(N'2024-01-01T00:00:00.000' AS DateTime), CAST(N'2024-12-31T23:59:59.900' AS DateTime))
GO
INSERT [dbo].[leave] ([id], [leave_status], [start_time], [end_time], [leave_type], [employee_id], [deputy_id], [team_leader_id], [permision_remarks], [permision_status], [audit_time], [reason], [actual_leave_hours], [image], [special_leave_hours], [create_time], [update_time], [validity_period_start], [validity_period_end]) VALUES (11, 1, NULL, NULL, 6, 7, NULL, 2, N'入職給假', 2, NULL, N'入職給假', 240, NULL, NULL, CAST(N'2024-08-02T13:34:30.620' AS DateTime), CAST(N'2024-08-02T13:34:30.620' AS DateTime), CAST(N'2024-01-01T00:00:00.000' AS DateTime), CAST(N'2024-12-31T23:59:59.900' AS DateTime))
GO
INSERT [dbo].[leave] ([id], [leave_status], [start_time], [end_time], [leave_type], [employee_id], [deputy_id], [team_leader_id], [permision_remarks], [permision_status], [audit_time], [reason], [actual_leave_hours], [image], [special_leave_hours], [create_time], [update_time], [validity_period_start], [validity_period_end]) VALUES (12, 1, NULL, NULL, 5, 7, NULL, 2, N'入職給假', 2, NULL, N'入職給假', 112, NULL, NULL, CAST(N'2024-08-02T13:34:30.623' AS DateTime), CAST(N'2024-08-02T13:34:30.623' AS DateTime), CAST(N'2024-01-01T00:00:00.000' AS DateTime), CAST(N'2024-12-31T23:59:59.900' AS DateTime))
GO
INSERT [dbo].[leave] ([id], [leave_status], [start_time], [end_time], [leave_type], [employee_id], [deputy_id], [team_leader_id], [permision_remarks], [permision_status], [audit_time], [reason], [actual_leave_hours], [image], [special_leave_hours], [create_time], [update_time], [validity_period_start], [validity_period_end]) VALUES (13, 1, NULL, NULL, 6, 8, NULL, 3, N'入職給假', 2, NULL, N'入職給假', 240, NULL, NULL, CAST(N'2024-08-02T13:35:54.450' AS DateTime), CAST(N'2024-08-02T13:35:54.450' AS DateTime), CAST(N'2024-01-01T00:00:00.000' AS DateTime), CAST(N'2024-12-31T23:59:59.900' AS DateTime))
GO
INSERT [dbo].[leave] ([id], [leave_status], [start_time], [end_time], [leave_type], [employee_id], [deputy_id], [team_leader_id], [permision_remarks], [permision_status], [audit_time], [reason], [actual_leave_hours], [image], [special_leave_hours], [create_time], [update_time], [validity_period_start], [validity_period_end]) VALUES (14, 1, NULL, NULL, 5, 8, NULL, 3, N'入職給假', 2, NULL, N'入職給假', 112, NULL, NULL, CAST(N'2024-08-02T13:35:54.453' AS DateTime), CAST(N'2024-08-02T13:35:54.453' AS DateTime), CAST(N'2024-01-01T00:00:00.000' AS DateTime), CAST(N'2024-12-31T23:59:59.900' AS DateTime))
GO
INSERT [dbo].[leave] ([id], [leave_status], [start_time], [end_time], [leave_type], [employee_id], [deputy_id], [team_leader_id], [permision_remarks], [permision_status], [audit_time], [reason], [actual_leave_hours], [image], [special_leave_hours], [create_time], [update_time], [validity_period_start], [validity_period_end]) VALUES (15, 1, NULL, NULL, 6, 9, NULL, 3, N'入職給假', 2, NULL, N'入職給假', 240, NULL, NULL, CAST(N'2024-08-02T13:36:54.763' AS DateTime), CAST(N'2024-08-02T13:36:54.763' AS DateTime), CAST(N'2024-01-01T00:00:00.000' AS DateTime), CAST(N'2024-12-31T23:59:59.900' AS DateTime))
GO
INSERT [dbo].[leave] ([id], [leave_status], [start_time], [end_time], [leave_type], [employee_id], [deputy_id], [team_leader_id], [permision_remarks], [permision_status], [audit_time], [reason], [actual_leave_hours], [image], [special_leave_hours], [create_time], [update_time], [validity_period_start], [validity_period_end]) VALUES (16, 1, NULL, NULL, 5, 9, NULL, 3, N'入職給假', 2, NULL, N'入職給假', 112, NULL, NULL, CAST(N'2024-08-02T13:36:54.767' AS DateTime), CAST(N'2024-08-02T13:36:54.767' AS DateTime), CAST(N'2024-01-01T00:00:00.000' AS DateTime), CAST(N'2024-12-31T23:59:59.900' AS DateTime))
GO
INSERT [dbo].[leave] ([id], [leave_status], [start_time], [end_time], [leave_type], [employee_id], [deputy_id], [team_leader_id], [permision_remarks], [permision_status], [audit_time], [reason], [actual_leave_hours], [image], [special_leave_hours], [create_time], [update_time], [validity_period_start], [validity_period_end]) VALUES (17, 1, NULL, NULL, 6, 10, NULL, 3, N'入職給假', 2, NULL, N'入職給假', 240, NULL, NULL, CAST(N'2024-08-02T13:37:35.350' AS DateTime), CAST(N'2024-08-02T13:37:35.350' AS DateTime), CAST(N'2024-01-01T00:00:00.000' AS DateTime), CAST(N'2024-12-31T23:59:59.900' AS DateTime))
GO
INSERT [dbo].[leave] ([id], [leave_status], [start_time], [end_time], [leave_type], [employee_id], [deputy_id], [team_leader_id], [permision_remarks], [permision_status], [audit_time], [reason], [actual_leave_hours], [image], [special_leave_hours], [create_time], [update_time], [validity_period_start], [validity_period_end]) VALUES (18, 1, NULL, NULL, 5, 10, NULL, 3, N'入職給假', 2, NULL, N'入職給假', 112, NULL, NULL, CAST(N'2024-08-02T13:37:35.350' AS DateTime), CAST(N'2024-08-02T13:37:35.350' AS DateTime), CAST(N'2024-01-01T00:00:00.000' AS DateTime), CAST(N'2024-12-31T23:59:59.900' AS DateTime))
GO
INSERT [dbo].[leave] ([id], [leave_status], [start_time], [end_time], [leave_type], [employee_id], [deputy_id], [team_leader_id], [permision_remarks], [permision_status], [audit_time], [reason], [actual_leave_hours], [image], [special_leave_hours], [create_time], [update_time], [validity_period_start], [validity_period_end]) VALUES (19, 1, NULL, NULL, 6, 11, NULL, 4, N'入職給假', 2, NULL, N'入職給假', 240, NULL, NULL, CAST(N'2024-08-02T13:48:12.887' AS DateTime), CAST(N'2024-08-02T13:48:12.887' AS DateTime), CAST(N'2024-01-01T00:00:00.000' AS DateTime), CAST(N'2024-12-31T23:59:59.900' AS DateTime))
GO
INSERT [dbo].[leave] ([id], [leave_status], [start_time], [end_time], [leave_type], [employee_id], [deputy_id], [team_leader_id], [permision_remarks], [permision_status], [audit_time], [reason], [actual_leave_hours], [image], [special_leave_hours], [create_time], [update_time], [validity_period_start], [validity_period_end]) VALUES (20, 1, NULL, NULL, 5, 11, NULL, 4, N'入職給假', 2, NULL, N'入職給假', 112, NULL, NULL, CAST(N'2024-08-02T13:48:12.893' AS DateTime), CAST(N'2024-08-02T13:48:12.893' AS DateTime), CAST(N'2024-01-01T00:00:00.000' AS DateTime), CAST(N'2024-12-31T23:59:59.900' AS DateTime))
GO
INSERT [dbo].[leave] ([id], [leave_status], [start_time], [end_time], [leave_type], [employee_id], [deputy_id], [team_leader_id], [permision_remarks], [permision_status], [audit_time], [reason], [actual_leave_hours], [image], [special_leave_hours], [create_time], [update_time], [validity_period_start], [validity_period_end]) VALUES (21, 1, NULL, NULL, 6, 12, NULL, 4, N'入職給假', 2, NULL, N'入職給假', 240, NULL, NULL, CAST(N'2024-08-02T13:55:03.547' AS DateTime), CAST(N'2024-08-02T13:55:03.547' AS DateTime), CAST(N'2024-01-01T00:00:00.000' AS DateTime), CAST(N'2024-12-31T23:59:59.900' AS DateTime))
GO
INSERT [dbo].[leave] ([id], [leave_status], [start_time], [end_time], [leave_type], [employee_id], [deputy_id], [team_leader_id], [permision_remarks], [permision_status], [audit_time], [reason], [actual_leave_hours], [image], [special_leave_hours], [create_time], [update_time], [validity_period_start], [validity_period_end]) VALUES (22, 1, NULL, NULL, 5, 12, NULL, 4, N'入職給假', 2, NULL, N'入職給假', 112, NULL, NULL, CAST(N'2024-08-02T13:57:09.377' AS DateTime), CAST(N'2024-08-02T13:57:09.377' AS DateTime), CAST(N'2024-01-01T00:00:00.000' AS DateTime), CAST(N'2024-12-31T23:59:59.900' AS DateTime))
GO
INSERT [dbo].[leave] ([id], [leave_status], [start_time], [end_time], [leave_type], [employee_id], [deputy_id], [team_leader_id], [permision_remarks], [permision_status], [audit_time], [reason], [actual_leave_hours], [image], [special_leave_hours], [create_time], [update_time], [validity_period_start], [validity_period_end]) VALUES (23, 1, NULL, NULL, 6, 13, NULL, 4, N'入職給假', 2, NULL, N'入職給假', 240, NULL, NULL, CAST(N'2024-08-02T14:00:16.837' AS DateTime), CAST(N'2024-08-02T14:00:16.837' AS DateTime), CAST(N'2024-01-01T00:00:00.000' AS DateTime), CAST(N'2024-12-31T23:59:59.900' AS DateTime))
GO
INSERT [dbo].[leave] ([id], [leave_status], [start_time], [end_time], [leave_type], [employee_id], [deputy_id], [team_leader_id], [permision_remarks], [permision_status], [audit_time], [reason], [actual_leave_hours], [image], [special_leave_hours], [create_time], [update_time], [validity_period_start], [validity_period_end]) VALUES (24, 1, NULL, NULL, 5, 13, NULL, 4, N'入職給假', 2, NULL, N'入職給假', 112, NULL, NULL, CAST(N'2024-08-02T14:00:16.840' AS DateTime), CAST(N'2024-08-02T14:00:16.840' AS DateTime), CAST(N'2024-01-01T00:00:00.000' AS DateTime), CAST(N'2024-12-31T23:59:59.900' AS DateTime))
GO
INSERT [dbo].[leave] ([id], [leave_status], [start_time], [end_time], [leave_type], [employee_id], [deputy_id], [team_leader_id], [permision_remarks], [permision_status], [audit_time], [reason], [actual_leave_hours], [image], [special_leave_hours], [create_time], [update_time], [validity_period_start], [validity_period_end]) VALUES (25, 0, CAST(N'2024-07-05T15:00:00.0000000' AS DateTime2), CAST(N'2024-07-05T18:00:00.0000000' AS DateTime2), 5, 11, 12, 4, NULL, 1, NULL, N'銀行開戶', 3, NULL, NULL, CAST(N'2024-08-02T14:08:09.473' AS DateTime), CAST(N'2024-08-02T14:08:09.473' AS DateTime), NULL, NULL)
GO
INSERT [dbo].[leave] ([id], [leave_status], [start_time], [end_time], [leave_type], [employee_id], [deputy_id], [team_leader_id], [permision_remarks], [permision_status], [audit_time], [reason], [actual_leave_hours], [image], [special_leave_hours], [create_time], [update_time], [validity_period_start], [validity_period_end]) VALUES (26, 1, NULL, NULL, 8, 11, NULL, 1, N'好好休息', NULL, NULL, N'', 8, NULL, NULL, CAST(N'2024-08-02T14:10:02.147' AS DateTime), CAST(N'2024-08-02T14:10:02.147' AS DateTime), CAST(N'2024-08-02T00:00:00.000' AS DateTime), CAST(N'2024-08-02T23:59:00.000' AS DateTime))
GO
INSERT [dbo].[leave] ([id], [leave_status], [start_time], [end_time], [leave_type], [employee_id], [deputy_id], [team_leader_id], [permision_remarks], [permision_status], [audit_time], [reason], [actual_leave_hours], [image], [special_leave_hours], [create_time], [update_time], [validity_period_start], [validity_period_end]) VALUES (27, 0, CAST(N'2024-08-07T14:00:00.0000000' AS DateTime2), CAST(N'2024-08-07T16:00:00.0000000' AS DateTime2), 6, 8, 9, 3, NULL, 1, NULL, N'診所回診', 2, NULL, NULL, CAST(N'2024-08-02T14:13:41.027' AS DateTime), CAST(N'2024-08-02T14:13:41.027' AS DateTime), NULL, NULL)
GO
INSERT [dbo].[leave] ([id], [leave_status], [start_time], [end_time], [leave_type], [employee_id], [deputy_id], [team_leader_id], [permision_remarks], [permision_status], [audit_time], [reason], [actual_leave_hours], [image], [special_leave_hours], [create_time], [update_time], [validity_period_start], [validity_period_end]) VALUES (28, 0, CAST(N'2024-07-30T13:00:00.0000000' AS DateTime2), CAST(N'2024-07-30T18:00:00.0000000' AS DateTime2), 5, 5, 6, 2, NULL, 1, NULL, N'顧小孩', 5, NULL, NULL, CAST(N'2024-08-02T14:15:43.093' AS DateTime), CAST(N'2024-08-02T14:15:43.093' AS DateTime), NULL, NULL)
GO
INSERT [dbo].[leave] ([id], [leave_status], [start_time], [end_time], [leave_type], [employee_id], [deputy_id], [team_leader_id], [permision_remarks], [permision_status], [audit_time], [reason], [actual_leave_hours], [image], [special_leave_hours], [create_time], [update_time], [validity_period_start], [validity_period_end]) VALUES (29, 0, CAST(N'2024-07-18T09:00:00.0000000' AS DateTime2), CAST(N'2024-07-18T17:00:00.0000000' AS DateTime2), 8, 11, 12, 4, NULL, 1, NULL, N'生理期很不舒服', 8, NULL, NULL, CAST(N'2024-08-02T14:19:45.117' AS DateTime), CAST(N'2024-08-02T14:19:45.117' AS DateTime), NULL, NULL)
GO
INSERT [dbo].[leave] ([id], [leave_status], [start_time], [end_time], [leave_type], [employee_id], [deputy_id], [team_leader_id], [permision_remarks], [permision_status], [audit_time], [reason], [actual_leave_hours], [image], [special_leave_hours], [create_time], [update_time], [validity_period_start], [validity_period_end]) VALUES (30, 1, NULL, NULL, 7, 2, NULL, 1, N'恭喜結婚囉', NULL, NULL, N'', 64, NULL, NULL, CAST(N'2024-08-02T14:24:17.087' AS DateTime), CAST(N'2024-08-02T14:24:17.087' AS DateTime), CAST(N'2024-08-02T00:00:00.000' AS DateTime), CAST(N'2024-10-01T23:59:00.000' AS DateTime))
GO
INSERT [dbo].[leave] ([id], [leave_status], [start_time], [end_time], [leave_type], [employee_id], [deputy_id], [team_leader_id], [permision_remarks], [permision_status], [audit_time], [reason], [actual_leave_hours], [image], [special_leave_hours], [create_time], [update_time], [validity_period_start], [validity_period_end]) VALUES (31, 0, CAST(N'2024-08-06T14:00:00.0000000' AS DateTime2), CAST(N'2024-08-06T18:00:00.0000000' AS DateTime2), 6, 9, 10, 3, NULL, 1, NULL, N'腸胃炎', 4, NULL, NULL, CAST(N'2024-08-02T14:40:27.327' AS DateTime), CAST(N'2024-08-02T14:40:27.327' AS DateTime), NULL, NULL)
GO
INSERT [dbo].[leave] ([id], [leave_status], [start_time], [end_time], [leave_type], [employee_id], [deputy_id], [team_leader_id], [permision_remarks], [permision_status], [audit_time], [reason], [actual_leave_hours], [image], [special_leave_hours], [create_time], [update_time], [validity_period_start], [validity_period_end]) VALUES (32, 0, CAST(N'2024-08-13T12:00:00.0000000' AS DateTime2), CAST(N'2024-08-13T14:00:00.0000000' AS DateTime2), 5, 13, 11, 4, NULL, 1, NULL, N'家裡有事', 2, NULL, NULL, CAST(N'2024-08-02T14:42:03.177' AS DateTime), CAST(N'2024-08-02T14:42:03.177' AS DateTime), NULL, NULL)
GO
SET IDENTITY_INSERT [dbo].[leave] OFF
GO
SET IDENTITY_INSERT [dbo].[brand] ON 
GO
INSERT [dbo].[brand] ([Id], [Brand], [code], [trademark]) VALUES (1, N'HONDA', 1, N'本田')
GO
INSERT [dbo].[brand] ([Id], [Brand], [code], [trademark]) VALUES (2, N'TOYOTA', 2, N'豐田')
GO
INSERT [dbo].[brand] ([Id], [Brand], [code], [trademark]) VALUES (3, N'MAZDA', 3, N'馬自達')
GO
INSERT [dbo].[brand] ([Id], [Brand], [code], [trademark]) VALUES (4, N'BENZ', 4, N'賓士')
GO
INSERT [dbo].[brand] ([Id], [Brand], [code], [trademark]) VALUES (5, N'PORSCHE', 5, N'保時捷')
GO
INSERT [dbo].[brand] ([Id], [Brand], [code], [trademark]) VALUES (6, N'BMW', 6, N'寶馬')
GO
INSERT [dbo].[brand] ([Id], [Brand], [code], [trademark]) VALUES (7, N'VOLKSWAGEN', 7, N'福斯')
GO
INSERT [dbo].[brand] ([Id], [Brand], [code], [trademark]) VALUES (8, N'NISSAN', 8, N'日產')
GO
INSERT [dbo].[brand] ([Id], [Brand], [code], [trademark]) VALUES (9, N'SUBARU', 9, N'速霸陸')
GO
SET IDENTITY_INSERT [dbo].[brand] OFF
GO
SET IDENTITY_INSERT [dbo].[displacement] ON 
GO
INSERT [dbo].[displacement] ([Id], [Displacement], [code], [cc]) VALUES (1, N'THOUSANDTWO', 1, N'1200以下')
GO
INSERT [dbo].[displacement] ([Id], [Displacement], [code], [cc]) VALUES (2, N'THOUSANDEIGHT', 2, N'1201-1800')
GO
INSERT [dbo].[displacement] ([Id], [Displacement], [code], [cc]) VALUES (3, N'TWOTHOUSANDFOUR', 3, N'1801-2400')
GO
INSERT [dbo].[displacement] ([Id], [Displacement], [code], [cc]) VALUES (4, N'THREETHOUSAND', 4, N'2401-3000')
GO
INSERT [dbo].[displacement] ([Id], [Displacement], [code], [cc]) VALUES (5, N'FOURTHOUSANDTWOHUNDRED', 5, N'3001-4200')
GO
INSERT [dbo].[displacement] ([Id], [Displacement], [code], [cc]) VALUES (6, N'FIVETHOUSANDFOURHUNDRED', 6, N'4201-5400')
GO
INSERT [dbo].[displacement] ([Id], [Displacement], [code], [cc]) VALUES (7, N'UPFIVETHOUSANDFOURHUNDRED', 7, N'5401以上')
GO
SET IDENTITY_INSERT [dbo].[displacement] OFF
GO
SET IDENTITY_INSERT [dbo].[door] ON 
GO
INSERT [dbo].[door] ([Id], [Door], [code], [cardoor]) VALUES (1, N'TWO', 1, N'二門')
GO
INSERT [dbo].[door] ([Id], [Door], [code], [cardoor]) VALUES (2, N'THREE', 2, N'三門')
GO
INSERT [dbo].[door] ([Id], [Door], [code], [cardoor]) VALUES (3, N'FOUR', 3, N'四門')
GO
INSERT [dbo].[door] ([Id], [Door], [code], [cardoor]) VALUES (4, N'FIVE', 4, N'五門')
GO
INSERT [dbo].[door] ([Id], [Door], [code], [cardoor]) VALUES (5, N'SIX', 5, N'六門')
GO
SET IDENTITY_INSERT [dbo].[door] OFF
GO
SET IDENTITY_INSERT [dbo].[gasoline] ON 
GO
INSERT [dbo].[gasoline] ([Id], [Gasoline], [code], [gaso]) VALUES (1, N'gasoline', 1, N'汽油')
GO
INSERT [dbo].[gasoline] ([Id], [Gasoline], [code], [gaso]) VALUES (2, N'diesel', 2, N'柴油')
GO
INSERT [dbo].[gasoline] ([Id], [Gasoline], [code], [gaso]) VALUES (3, N'hybrid ', 3, N'油電複合')
GO
INSERT [dbo].[gasoline] ([Id], [Gasoline], [code], [gaso]) VALUES (4, N'electric', 4, N'純電')
GO
SET IDENTITY_INSERT [dbo].[gasoline] OFF
GO
SET IDENTITY_INSERT [dbo].[negotiable] ON 
GO
INSERT [dbo].[negotiable] ([id], [negotiable], [code], [percent]) VALUES (1, N'FIVE', 1, N'5%')
GO
INSERT [dbo].[negotiable] ([id], [negotiable], [code], [percent]) VALUES (2, N'TEN', 2, N'10%')
GO
INSERT [dbo].[negotiable] ([id], [negotiable], [code], [percent]) VALUES (3, N'FIFTEEN', 3, N'15%')
GO
INSERT [dbo].[negotiable] ([id], [negotiable], [code], [percent]) VALUES (4, N'TWENTY', 4, N'20%')
GO
SET IDENTITY_INSERT [dbo].[negotiable] OFF
GO
SET IDENTITY_INSERT [dbo].[passenger] ON 
GO
INSERT [dbo].[passenger] ([Id], [Passenger], [code], [seat]) VALUES (1, N'twoseater', 2, N'二人座')
GO
INSERT [dbo].[passenger] ([Id], [Passenger], [code], [seat]) VALUES (2, N'fourseater', 4, N'四人座')
GO
INSERT [dbo].[passenger] ([Id], [Passenger], [code], [seat]) VALUES (3, N'fiveseater', 5, N'五人座')
GO
INSERT [dbo].[passenger] ([Id], [Passenger], [code], [seat]) VALUES (4, N'sevenupseater', 7, N'七人座以上')
GO
SET IDENTITY_INSERT [dbo].[passenger] OFF
GO
SET IDENTITY_INSERT [dbo].[rearwheel] ON 
GO
INSERT [dbo].[rearwheel] ([Id], [RearWheel], [code], [wheel], [rear_wheel]) VALUES (1, N'FRONT', 1, N'前驅', NULL)
GO
INSERT [dbo].[rearwheel] ([Id], [RearWheel], [code], [wheel], [rear_wheel]) VALUES (2, N'REAR', 2, N'後驅', NULL)
GO
INSERT [dbo].[rearwheel] ([Id], [RearWheel], [code], [wheel], [rear_wheel]) VALUES (3, N'FOUR', 3, N'四驅', NULL)
GO
SET IDENTITY_INSERT [dbo].[rearwheel] OFF
GO
SET IDENTITY_INSERT [dbo].[suspension] ON 
GO
INSERT [dbo].[suspension] ([Id], [Suspension], [code], [type]) VALUES (1, N'SEDAN', 1, N'轎車')
GO
INSERT [dbo].[suspension] ([Id], [Suspension], [code], [type]) VALUES (2, N'SUV', 2, N'休旅車')
GO
INSERT [dbo].[suspension] ([Id], [Suspension], [code], [type]) VALUES (3, N'CONVERTIBLE', 3, N'敞篷車')
GO
INSERT [dbo].[suspension] ([Id], [Suspension], [code], [type]) VALUES (4, N'SPORTS_CAR', 4, N'跑車')
GO
INSERT [dbo].[suspension] ([Id], [Suspension], [code], [type]) VALUES (5, N'JEEP', 5, N'吉普車')
GO
INSERT [dbo].[suspension] ([Id], [Suspension], [code], [type]) VALUES (6, N'HATCHBACK', 6, N'掀背車')
GO
SET IDENTITY_INSERT [dbo].[suspension] OFF
GO
SET IDENTITY_INSERT [dbo].[transmission] ON 
GO
INSERT [dbo].[transmission] ([Id], [Transmission], [code], [trans]) VALUES (1, N'automatic', 1, N'自排')
GO
INSERT [dbo].[transmission] ([Id], [Transmission], [code], [trans]) VALUES (2, N'manual', 2, N'手排')
GO
INSERT [dbo].[transmission] ([Id], [Transmission], [code], [trans]) VALUES (3, N'semiAutomatic', 3, N'手自排')
GO
INSERT [dbo].[transmission] ([Id], [Transmission], [code], [trans]) VALUES (4, N'automaticManual', 4, N'自手排')
GO
SET IDENTITY_INSERT [dbo].[transmission] OFF
GO
